a8-1.grenoble.iot-lab.info,b564
a8-2.grenoble.iot-lab.info,a461
a8-3.grenoble.iot-lab.info,b363
a8-4.grenoble.iot-lab.info,9064
a8-5.grenoble.iot-lab.info,a558
a8-6.grenoble.iot-lab.info,3289
a8-7.grenoble.iot-lab.info,b959
a8-8.grenoble.iot-lab.info,9651
a8-9.grenoble.iot-lab.info,b164
a8-10.grenoble.iot-lab.info,a963
a8-11.grenoble.iot-lab.info,b163
a8-12.grenoble.iot-lab.info,9461
a8-13.grenoble.iot-lab.info,a467
a8-14.grenoble.iot-lab.info,2990
a8-15.grenoble.iot-lab.info,b364
a8-16.grenoble.iot-lab.info,b463
a8-17.grenoble.iot-lab.info,8764
a8-18.grenoble.iot-lab.info,c366
a8-19.grenoble.iot-lab.info,a064
a8-20.grenoble.iot-lab.info,9366
a8-21.grenoble.iot-lab.info,8862
a8-22.grenoble.iot-lab.info,3189
a8-23.grenoble.iot-lab.info,9658
a8-24.grenoble.iot-lab.info,b560
a8-25.grenoble.iot-lab.info,9761
a8-26.grenoble.iot-lab.info,b961
a8-28.grenoble.iot-lab.info,2784
a8-29.grenoble.iot-lab.info,c261
a8-30.grenoble.iot-lab.info,8664
a8-31.grenoble.iot-lab.info,8759
a8-32.grenoble.iot-lab.info,9259
a8-33.grenoble.iot-lab.info,9661
a8-34.grenoble.iot-lab.info,c162
a8-35.grenoble.iot-lab.info,3084
a8-36.grenoble.iot-lab.info,3085
a8-37.grenoble.iot-lab.info,b460
a8-38.grenoble.iot-lab.info,a859
a8-39.grenoble.iot-lab.info,a661
a8-40.grenoble.iot-lab.info,9559
a8-41.grenoble.iot-lab.info,a361
a8-42.grenoble.iot-lab.info,9359
a8-43.grenoble.iot-lab.info,9859
a8-44.grenoble.iot-lab.info,b661
a8-45.grenoble.iot-lab.info,8960
a8-46.grenoble.iot-lab.info,3184
a8-47.grenoble.iot-lab.info,a358
a8-48.grenoble.iot-lab.info,b461
a8-49.grenoble.iot-lab.info,a350
a8-50.grenoble.iot-lab.info,b361
a8-51.grenoble.iot-lab.info,b051
a8-52.grenoble.iot-lab.info,b861
a8-53.grenoble.iot-lab.info,2890
a8-54.grenoble.iot-lab.info,a850
a8-56.grenoble.iot-lab.info,1884
a8-57.grenoble.iot-lab.info,2790
a8-58.grenoble.iot-lab.info,c266
a8-59.grenoble.iot-lab.info,b663
a8-60.grenoble.iot-lab.info,1285
a8-61.grenoble.iot-lab.info,a164
a8-62.grenoble.iot-lab.info,3090
a8-63.grenoble.iot-lab.info,a863
a8-64.grenoble.iot-lab.info,2484
a8-65.grenoble.iot-lab.info,b563
a8-66.grenoble.iot-lab.info,a060
a8-67.grenoble.iot-lab.info,a959
a8-68.grenoble.iot-lab.info,c064
a8-69.grenoble.iot-lab.info,9659
a8-70.grenoble.iot-lab.info,8963
a8-71.grenoble.iot-lab.info,b458
a8-72.grenoble.iot-lab.info,2684
a8-73.grenoble.iot-lab.info,9760
a8-74.grenoble.iot-lab.info,a359
a8-75.grenoble.iot-lab.info,2886
a8-76.grenoble.iot-lab.info,b859
a8-77.grenoble.iot-lab.info,a459
a8-78.grenoble.iot-lab.info,b762
a8-79.grenoble.iot-lab.info,8863
a8-80.grenoble.iot-lab.info,3685
a8-81.grenoble.iot-lab.info,3586
a8-82.grenoble.iot-lab.info,1786
a8-83.grenoble.iot-lab.info,2687
a8-84.grenoble.iot-lab.info,1485
a8-85.grenoble.iot-lab.info,b262
a8-86.grenoble.iot-lab.info,3686
a8-87.grenoble.iot-lab.info,9962
a8-88.grenoble.iot-lab.info,a762
a8-89.grenoble.iot-lab.info,2086
a8-90.grenoble.iot-lab.info,b062
a8-91.grenoble.iot-lab.info,2487
a8-92.grenoble.iot-lab.info,b162
a8-93.grenoble.iot-lab.info,a962
a8-94.grenoble.iot-lab.info,3386
a8-95.grenoble.iot-lab.info,3687
a8-96.grenoble.iot-lab.info,a562
a8-97.grenoble.iot-lab.info,1586
a8-98.grenoble.iot-lab.info,b058
a8-99.grenoble.iot-lab.info,c363
a8-100.grenoble.iot-lab.info,3185
a8-101.grenoble.iot-lab.info,2587
a8-102.grenoble.iot-lab.info,9762
a8-103.grenoble.iot-lab.info,2885
a8-104.grenoble.iot-lab.info,b265
a8-105.grenoble.iot-lab.info,b161
a8-106.grenoble.iot-lab.info,b260
a8-107.grenoble.iot-lab.info,c165
a8-108.grenoble.iot-lab.info,b865
a8-109.grenoble.iot-lab.info,3684
a8-111.grenoble.iot-lab.info,a858
a8-112.grenoble.iot-lab.info,a059
a8-113.grenoble.iot-lab.info,9759
a8-114.grenoble.iot-lab.info,9362
a8-115.grenoble.iot-lab.info,a751
a8-116.grenoble.iot-lab.info,b359
a8-117.grenoble.iot-lab.info,9060
a8-118.grenoble.iot-lab.info,9059
a8-119.grenoble.iot-lab.info,a764
a8-120.grenoble.iot-lab.info,9959
a8-121.grenoble.iot-lab.info,b360
a8-122.grenoble.iot-lab.info,9062
a8-123.grenoble.iot-lab.info,b960
a8-124.grenoble.iot-lab.info,c066
a8-125.grenoble.iot-lab.info,9562
a8-126.grenoble.iot-lab.info,b760
a8-127.grenoble.iot-lab.info,b559
a8-128.grenoble.iot-lab.info,a659
a8-129.grenoble.iot-lab.info,9063
a8-130.grenoble.iot-lab.info,b864
a8-131.grenoble.iot-lab.info,a563
a8-132.grenoble.iot-lab.info,b266
a8-133.grenoble.iot-lab.info,8563
a8-134.grenoble.iot-lab.info,9565
a8-135.grenoble.iot-lab.info,9353
a8-136.grenoble.iot-lab.info,9263
a8-137.grenoble.iot-lab.info,b664
a8-138.grenoble.iot-lab.info,9963
a8-139.grenoble.iot-lab.info,a264
a8-141.grenoble.iot-lab.info,b962
a8-142.grenoble.iot-lab.info,b467
a8-143.grenoble.iot-lab.info,a052
a8-144.grenoble.iot-lab.info,b867
a8-145.grenoble.iot-lab.info,a250
a8-146.grenoble.iot-lab.info,9162
a8-147.grenoble.iot-lab.info,8864
a8-148.grenoble.iot-lab.info,9363
a8-149.grenoble.iot-lab.info,8860
a8-150.grenoble.iot-lab.info,2385
a8-151.grenoble.iot-lab.info,c264
a8-152.grenoble.iot-lab.info,3087
a8-153.grenoble.iot-lab.info,2585
a8-154.grenoble.iot-lab.info,2586
a8-155.grenoble.iot-lab.info,3285
a8-156.grenoble.iot-lab.info,2285
a8-157.grenoble.iot-lab.info,9763
a8-158.grenoble.iot-lab.info,1286
a8-159.grenoble.iot-lab.info,a462
a8-160.grenoble.iot-lab.info,3187
a8-161.grenoble.iot-lab.info,2187
a8-162.grenoble.iot-lab.info,3486
a8-163.grenoble.iot-lab.info,2085
a8-164.grenoble.iot-lab.info,8760
a8-165.grenoble.iot-lab.info,3885
a8-166.grenoble.iot-lab.info,1385
a8-167.grenoble.iot-lab.info,2985
a8-168.grenoble.iot-lab.info,1886
a8-169.grenoble.iot-lab.info,2584
a8-170.grenoble.iot-lab.info,b562
a8-171.grenoble.iot-lab.info,3089
a8-172.grenoble.iot-lab.info,c065
a8-173.grenoble.iot-lab.info,0985
a8-174.grenoble.iot-lab.info,b065
a8-175.grenoble.iot-lab.info,b462
a8-176.grenoble.iot-lab.info,c364
a8-177.grenoble.iot-lab.info,9462
a8-178.grenoble.iot-lab.info,1585
a8-179.grenoble.iot-lab.info,a050
a8-180.grenoble.iot-lab.info,c062
a8-181.grenoble.iot-lab.info,b362
a8-182.grenoble.iot-lab.info,a360
a8-183.grenoble.iot-lab.info,8859
a8-184.grenoble.iot-lab.info,a964
a8-185.grenoble.iot-lab.info,8661
a8-186.grenoble.iot-lab.info,b860
a8-187.grenoble.iot-lab.info,b159
a8-188.grenoble.iot-lab.info,3485
a8-189.grenoble.iot-lab.info,b966
a8-190.grenoble.iot-lab.info,8761
a8-191.grenoble.iot-lab.info,a660
a8-192.grenoble.iot-lab.info,9758
a8-193.grenoble.iot-lab.info,1885
a8-194.grenoble.iot-lab.info,9664
a8-195.grenoble.iot-lab.info,9460
a8-196.grenoble.iot-lab.info,a960
a8-197.grenoble.iot-lab.info,a262
a8-198.grenoble.iot-lab.info,b259
a8-199.grenoble.iot-lab.info,8961
a8-200.grenoble.iot-lab.info,3587
a8-201.grenoble.iot-lab.info,2887
a8-202.grenoble.iot-lab.info,9958
a8-203.grenoble.iot-lab.info,a150
a8-204.grenoble.iot-lab.info,2087
a8-205.grenoble.iot-lab.info,8662
a8-206.grenoble.iot-lab.info,8959
a8-207.grenoble.iot-lab.info,a951
a8-208.grenoble.iot-lab.info,1685
a8-209.grenoble.iot-lab.info,9161
a8-210.grenoble.iot-lab.info,b759
a8-211.grenoble.iot-lab.info,2386
a8-212.grenoble.iot-lab.info,9563
a8-213.grenoble.iot-lab.info,9861
a8-214.grenoble.iot-lab.info,3884
a8-215.grenoble.iot-lab.info,a460
a8-216.grenoble.iot-lab.info,b459
a8-217.grenoble.iot-lab.info,1785
a8-218.grenoble.iot-lab.info,a851
a8-219.grenoble.iot-lab.info,9464
a8-220.grenoble.iot-lab.info,a861
a8-221.grenoble.iot-lab.info,a664
a8-222.grenoble.iot-lab.info,2084
a8-224.grenoble.iot-lab.info,8561
a8-225.grenoble.iot-lab.info,b558
a8-226.grenoble.iot-lab.info,b561
a8-227.grenoble.iot-lab.info,9663
a8-228.grenoble.iot-lab.info,9950
m3-1.grenoble.iot-lab.info,2354
m3-47.grenoble.iot-lab.info,c275
m3-58.grenoble.iot-lab.info,b378
m3-1.lille.iot-lab.info,3055
m3-2.lille.iot-lab.info,3051
m3-3.lille.iot-lab.info,2250
m3-4.lille.iot-lab.info,3259
m3-5.lille.iot-lab.info,1453
m3-6.lille.iot-lab.info,1255
m3-7.lille.iot-lab.info,a590
m3-8.lille.iot-lab.info,8974
m3-9.lille.iot-lab.info,1055
m3-10.lille.iot-lab.info,2156
m3-11.lille.iot-lab.info,1457
m3-12.lille.iot-lab.info,1158
m3-13.lille.iot-lab.info,3455
m3-14.lille.iot-lab.info,b588
m3-15.lille.iot-lab.info,2150
m3-16.lille.iot-lab.info,2655
m3-17.lille.iot-lab.info,2355
m3-18.lille.iot-lab.info,1854
m3-19.lille.iot-lab.info,2455
m3-20.lille.iot-lab.info,3353
m3-21.lille.iot-lab.info,2652
m3-22.lille.iot-lab.info,2758
m3-23.lille.iot-lab.info,3454
m3-24.lille.iot-lab.info,1058
m3-25.lille.iot-lab.info,1656
m3-26.lille.iot-lab.info,9170
m3-27.lille.iot-lab.info,9973
m3-28.lille.iot-lab.info,1155
m3-29.lille.iot-lab.info,3658
m3-30.lille.iot-lab.info,3862
m3-31.lille.iot-lab.info,0761
m3-32.lille.iot-lab.info,1759
m3-33.lille.iot-lab.info,1758
m3-34.lille.iot-lab.info,b373
m3-35.lille.iot-lab.info,b772
m3-36.lille.iot-lab.info,b189
m3-37.lille.iot-lab.info,a489
m3-38.lille.iot-lab.info,2151
m3-39.lille.iot-lab.info,b271
m3-40.lille.iot-lab.info,b370
m3-41.lille.iot-lab.info,b870
m3-42.lille.iot-lab.info,1757
m3-43.lille.iot-lab.info,c473
m3-44.lille.iot-lab.info,1057
m3-45.lille.iot-lab.info,1161
m3-46.lille.iot-lab.info,a090
m3-47.lille.iot-lab.info,a173
m3-48.lille.iot-lab.info,1651
m3-49.lille.iot-lab.info,b572
m3-50.lille.iot-lab.info,c070
m3-51.lille.iot-lab.info,b071
m3-52.lille.iot-lab.info,b473
m3-53.lille.iot-lab.info,b372
m3-54.lille.iot-lab.info,9773
m3-55.lille.iot-lab.info,3759
m3-56.lille.iot-lab.info,a689
m3-57.lille.iot-lab.info,2755
m3-58.lille.iot-lab.info,1852
m3-59.lille.iot-lab.info,2154
m3-60.lille.iot-lab.info,0961
m3-61.lille.iot-lab.info,1657
m3-62.lille.iot-lab.info,3758
m3-63.lille.iot-lab.info,a673
m3-64.lille.iot-lab.info,a273
m3-65.lille.iot-lab.info,9777
m3-66.lille.iot-lab.info,a390
m3-67.lille.iot-lab.info,8574
m3-68.lille.iot-lab.info,2854
m3-69.lille.iot-lab.info,9370
m3-70.lille.iot-lab.info,8774
m3-71.lille.iot-lab.info,8674
m3-72.lille.iot-lab.info,a077
m3-73.lille.iot-lab.info,1756
m3-74.lille.iot-lab.info,2852
m3-75.lille.iot-lab.info,3258
m3-76.lille.iot-lab.info,2550
m3-77.lille.iot-lab.info,9977
m3-78.lille.iot-lab.info,3052
m3-79.lille.iot-lab.info,9577
m3-80.lille.iot-lab.info,2256
m3-81.lille.iot-lab.info,1454
m3-82.lille.iot-lab.info,b089
m3-83.lille.iot-lab.info,1459
m3-84.lille.iot-lab.info,1556
m3-85.lille.iot-lab.info,b671
m3-86.lille.iot-lab.info,b771
m3-87.lille.iot-lab.info,2258
m3-88.lille.iot-lab.info,2750
m3-89.lille.iot-lab.info,3554
m3-90.lille.iot-lab.info,0956
m3-91.lille.iot-lab.info,c170
m3-92.lille.iot-lab.info,9989
m3-93.lille.iot-lab.info,9273
m3-94.lille.iot-lab.info,b272
m3-95.lille.iot-lab.info,2459
m3-96.lille.iot-lab.info,0857
m3-97.lille.iot-lab.info,2555
m3-98.lille.iot-lab.info,9873
m3-99.lille.iot-lab.info,9070
m3-100.lille.iot-lab.info,8973
m3-101.lille.iot-lab.info,1951
m3-102.lille.iot-lab.info,a473
m3-103.lille.iot-lab.info,1654
m3-104.lille.iot-lab.info,0660
m3-105.lille.iot-lab.info,2855
m3-106.lille.iot-lab.info,3559
m3-107.lille.iot-lab.info,b289
m3-108.lille.iot-lab.info,b172
m3-109.lille.iot-lab.info,0958
m3-110.lille.iot-lab.info,2853
m3-111.lille.iot-lab.info,3858
m3-112.lille.iot-lab.info,a270
m3-113.lille.iot-lab.info,1957
m3-114.lille.iot-lab.info,b872
m3-115.lille.iot-lab.info,a890
m3-116.lille.iot-lab.info,b488
m3-117.lille.iot-lab.info,1154
m3-118.lille.iot-lab.info,2556
m3-119.lille.iot-lab.info,1356
m3-120.lille.iot-lab.info,0758
m3-121.lille.iot-lab.info,1061
m3-122.lille.iot-lab.info,3154
m3-123.lille.iot-lab.info,8473
m3-124.lille.iot-lab.info,b471
m3-125.lille.iot-lab.info,9570
m3-126.lille.iot-lab.info,1956
m3-127.lille.iot-lab.info,3558
m3-128.lille.iot-lab.info,2452
m3-129.lille.iot-lab.info,1159
m3-130.lille.iot-lab.info,1954
m3-131.lille.iot-lab.info,b388
m3-132.lille.iot-lab.info,b973
m3-133.lille.iot-lab.info,2451
m3-134.lille.iot-lab.info,b670
m3-135.lille.iot-lab.info,0957
m3-136.lille.iot-lab.info,0561
m3-137.lille.iot-lab.info,2650
m3-138.lille.iot-lab.info,1856
m3-139.lille.iot-lab.info,a990
m3-140.lille.iot-lab.info,9073
m3-141.lille.iot-lab.info,3155
m3-142.lille.iot-lab.info,9270
m3-143.lille.iot-lab.info,8773
m3-144.lille.iot-lab.info,a189
m3-145.lille.iot-lab.info,a170
m3-146.lille.iot-lab.info,9877
m3-147.lille.iot-lab.info,1359
m3-148.lille.iot-lab.info,c273
m3-149.lille.iot-lab.info,9074
m3-150.lille.iot-lab.info,b972
m3-151.lille.iot-lab.info,b173
m3-152.lille.iot-lab.info,c073
m3-153.lille.iot-lab.info,2850
m3-154.lille.iot-lab.info,3254
m3-155.lille.iot-lab.info,3359
m3-156.lille.iot-lab.info,2955
m3-157.lille.iot-lab.info,2350
m3-158.lille.iot-lab.info,b472
m3-159.lille.iot-lab.info,2050
m3-160.lille.iot-lab.info,c472
m3-161.lille.iot-lab.info,1855
m3-162.lille.iot-lab.info,2257
m3-163.lille.iot-lab.info,1754
m3-164.lille.iot-lab.info,8673
m3-165.lille.iot-lab.info,a070
m3-166.lille.iot-lab.info,c373
m3-167.lille.iot-lab.info,1355
m3-168.lille.iot-lab.info,3159
m3-169.lille.iot-lab.info,2951
m3-170.lille.iot-lab.info,1751
m3-171.lille.iot-lab.info,2959
m3-172.lille.iot-lab.info,a771
m3-173.lille.iot-lab.info,1156
m3-174.lille.iot-lab.info,2055
m3-175.lille.iot-lab.info,3962
m3-176.lille.iot-lab.info,b970
m3-177.lille.iot-lab.info,b389
m3-178.lille.iot-lab.info,8374
m3-179.lille.iot-lab.info,3355
m3-180.lille.iot-lab.info,2456
m3-181.lille.iot-lab.info,2754
m3-182.lille.iot-lab.info,8474
m3-183.lille.iot-lab.info,a873
m3-184.lille.iot-lab.info,3158
m3-185.lille.iot-lab.info,3059
m3-186.lille.iot-lab.info,a373
m3-187.lille.iot-lab.info,9173
m3-188.lille.iot-lab.info,1358
m3-189.lille.iot-lab.info,a289
m3-190.lille.iot-lab.info,3453
m3-191.lille.iot-lab.info,a490
m3-192.lille.iot-lab.info,a573
m3-193.lille.iot-lab.info,3859
m3-194.lille.iot-lab.info,9573
m3-195.lille.iot-lab.info,2152
m3-196.lille.iot-lab.info,2559
m3-197.lille.iot-lab.info,b273
m3-198.lille.iot-lab.info,1455
m3-199.lille.iot-lab.info,1652
m3-200.lille.iot-lab.info,9770
m3-201.lille.iot-lab.info,a871
m3-202.lille.iot-lab.info,2751
m3-203.lille.iot-lab.info,8573
m3-204.lille.iot-lab.info,2052
m3-205.lille.iot-lab.info,1857
m3-206.lille.iot-lab.info,3659
m3-207.lille.iot-lab.info,2651
m3-208.lille.iot-lab.info,8873
m3-209.lille.iot-lab.info,b571
m3-210.lille.iot-lab.info,1254
m3-211.lille.iot-lab.info,2759
m3-212.lille.iot-lab.info,b270
m3-213.lille.iot-lab.info,1859
m3-214.lille.iot-lab.info,2352
m3-215.lille.iot-lab.info,3458
m3-216.lille.iot-lab.info,0858
m3-217.lille.iot-lab.info,3152
m3-218.lille.iot-lab.info,9373
m3-219.lille.iot-lab.info,2359
m3-220.lille.iot-lab.info,c270
m3-221.lille.iot-lab.info,b873
m3-222.lille.iot-lab.info,b288
m3-223.lille.iot-lab.info,2552
m3-224.lille.iot-lab.info,b070
m3-225.lille.iot-lab.info,1357
m3-226.lille.iot-lab.info,2450
m3-227.lille.iot-lab.info,0959
m3-228.lille.iot-lab.info,b073
m3-229.lille.iot-lab.info,a790
m3-230.lille.iot-lab.info,1258
m3-231.lille.iot-lab.info,2159
m3-232.lille.iot-lab.info,2851
m3-233.lille.iot-lab.info,1256
m3-234.lille.iot-lab.info,2251
m3-235.lille.iot-lab.info,a889
m3-236.lille.iot-lab.info,2551
m3-237.lille.iot-lab.info,1658
m3-238.lille.iot-lab.info,3153
m3-239.lille.iot-lab.info,3358
m3-240.lille.iot-lab.info,1559
m3-241.lille.iot-lab.info,2051
m3-242.lille.iot-lab.info,2054
m3-243.lille.iot-lab.info,1552
m3-244.lille.iot-lab.info,2659
m3-245.lille.iot-lab.info,3151
m3-246.lille.iot-lab.info,2454
m3-247.lille.iot-lab.info,1554
m3-248.lille.iot-lab.info,2458
m3-249.lille.iot-lab.info,b770
m3-250.lille.iot-lab.info,b871
m3-251.lille.iot-lab.info,0759
m3-252.lille.iot-lab.info,2358
m3-253.lille.iot-lab.info,1257
m3-254.lille.iot-lab.info,b371
m3-255.lille.iot-lab.info,2858
m3-256.lille.iot-lab.info,2554
a8-2.rocquencourt.iot-lab.info,9065
a8-3.rocquencourt.iot-lab.info,a051
a8-4.rocquencourt.iot-lab.info,9764
a8-5.rocquencourt.iot-lab.info,a151
a8-7.rocquencourt.iot-lab.info,a065
a8-8.rocquencourt.iot-lab.info,a053
a8-9.rocquencourt.iot-lab.info,a167
a8-11.rocquencourt.iot-lab.info,a166
a8-12.rocquencourt.iot-lab.info,9463
a8-13.rocquencourt.iot-lab.info,b967
a8-14.rocquencourt.iot-lab.info,8857
a8-15.rocquencourt.iot-lab.info,a753
a8-16.rocquencourt.iot-lab.info,b766
a8-17.rocquencourt.iot-lab.info,b056
a8-18.rocquencourt.iot-lab.info,a451
a8-19.rocquencourt.iot-lab.info,a663
a8-20.rocquencourt.iot-lab.info,a665
a8-21.rocquencourt.iot-lab.info,b052
a8-22.rocquencourt.iot-lab.info,b063
a8-23.rocquencourt.iot-lab.info,b154
a8-24.rocquencourt.iot-lab.info,a666
a8-25.rocquencourt.iot-lab.info,b153
a8-26.rocquencourt.iot-lab.info,9753
a8-27.rocquencourt.iot-lab.info,9954
a8-28.rocquencourt.iot-lab.info,9163
a8-29.rocquencourt.iot-lab.info,b658
a8-30.rocquencourt.iot-lab.info,a367
a8-31.rocquencourt.iot-lab.info,9165
a8-32.rocquencourt.iot-lab.info,9166
a8-33.rocquencourt.iot-lab.info,8966
a8-34.rocquencourt.iot-lab.info,a267
a8-35.rocquencourt.iot-lab.info,b567
a8-36.rocquencourt.iot-lab.info,b066
a8-37.rocquencourt.iot-lab.info,9964
a8-38.rocquencourt.iot-lab.info,a366
a8-40.rocquencourt.iot-lab.info,9266
a8-41.rocquencourt.iot-lab.info,9458
a8-42.rocquencourt.iot-lab.info,b863
a8-43.rocquencourt.iot-lab.info,9253
a8-45.rocquencourt.iot-lab.info,9653
a8-46.rocquencourt.iot-lab.info,a566
a8-47.rocquencourt.iot-lab.info,a254
a8-50.rocquencourt.iot-lab.info,9966
a8-51.rocquencourt.iot-lab.info,a452
a8-52.rocquencourt.iot-lab.info,8866
a8-53.rocquencourt.iot-lab.info,9452
a8-54.rocquencourt.iot-lab.info,b367
a8-55.rocquencourt.iot-lab.info,9466
a8-56.rocquencourt.iot-lab.info,b465
a8-57.rocquencourt.iot-lab.info,a765
a8-58.rocquencourt.iot-lab.info,8957
a8-59.rocquencourt.iot-lab.info,9754
a8-60.rocquencourt.iot-lab.info,a067
a8-61.rocquencourt.iot-lab.info,a351
a8-62.rocquencourt.iot-lab.info,9755
a8-63.rocquencourt.iot-lab.info,a252
a8-64.rocquencourt.iot-lab.info,a054
a8-65.rocquencourt.iot-lab.info,9867
a8-66.rocquencourt.iot-lab.info,c163
a8-68.rocquencourt.iot-lab.info,b166
a8-69.rocquencourt.iot-lab.info,9855
a8-70.rocquencourt.iot-lab.info,9354
a8-71.rocquencourt.iot-lab.info,a754
a8-72.rocquencourt.iot-lab.info,b454
a8-73.rocquencourt.iot-lab.info,b964
a8-74.rocquencourt.iot-lab.info,b053
a8-75.rocquencourt.iot-lab.info,9866
a8-76.rocquencourt.iot-lab.info,b356
a8-77.rocquencourt.iot-lab.info,b254
a8-78.rocquencourt.iot-lab.info,8666
a8-79.rocquencourt.iot-lab.info,a967
a8-80.rocquencourt.iot-lab.info,9258
a8-81.rocquencourt.iot-lab.info,a454
a8-82.rocquencourt.iot-lab.info,b763
a8-83.rocquencourt.iot-lab.info,a353
a8-84.rocquencourt.iot-lab.info,9953
a8-85.rocquencourt.iot-lab.info,b256
a8-86.rocquencourt.iot-lab.info,a954
a8-87.rocquencourt.iot-lab.info,a653
a8-88.rocquencourt.iot-lab.info,b466
a8-89.rocquencourt.iot-lab.info,a567
a8-90.rocquencourt.iot-lab.info,a352
a8-92.rocquencourt.iot-lab.info,a063
a8-93.rocquencourt.iot-lab.info,a854
a8-94.rocquencourt.iot-lab.info,8466
a8-95.rocquencourt.iot-lab.info,b758
a8-96.rocquencourt.iot-lab.info,b263
a8-97.rocquencourt.iot-lab.info,a466
a8-98.rocquencourt.iot-lab.info,b654
a8-99.rocquencourt.iot-lab.info,9864
a8-100.rocquencourt.iot-lab.info,a866
a8-101.rocquencourt.iot-lab.info,9566
a8-102.rocquencourt.iot-lab.info,a752
a8-103.rocquencourt.iot-lab.info,9853
a8-104.rocquencourt.iot-lab.info,b767
a8-105.rocquencourt.iot-lab.info,9766
a8-106.rocquencourt.iot-lab.info,a464
a8-107.rocquencourt.iot-lab.info,9655
a8-108.rocquencourt.iot-lab.info,9967
a8-109.rocquencourt.iot-lab.info,b667
a8-110.rocquencourt.iot-lab.info,a552
a8-111.rocquencourt.iot-lab.info,9852
a8-112.rocquencourt.iot-lab.info,a551
a8-113.rocquencourt.iot-lab.info,b566
a8-114.rocquencourt.iot-lab.info,a163
a8-115.rocquencourt.iot-lab.info,8465
a8-117.rocquencourt.iot-lab.info,a952
a8-118.rocquencourt.iot-lab.info,9154
a8-119.rocquencourt.iot-lab.info,b054
a8-120.rocquencourt.iot-lab.info,8566
a8-122.rocquencourt.iot-lab.info,9665
a8-123.rocquencourt.iot-lab.info,a465
a8-124.rocquencourt.iot-lab.info,9365
a8-125.rocquencourt.iot-lab.info,b366
a8-126.rocquencourt.iot-lab.info,b365
a8-127.rocquencourt.iot-lab.info,a354
a8-128.rocquencourt.iot-lab.info,9952
a8-129.rocquencourt.iot-lab.info,a654
a8-131.rocquencourt.iot-lab.info,a766
a8-132.rocquencourt.iot-lab.info,a867
a8-133.rocquencourt.iot-lab.info,9158
a8-134.rocquencourt.iot-lab.info,9364
a8-135.rocquencourt.iot-lab.info,8565
a8-136.rocquencourt.iot-lab.info,c267
a8-137.rocquencourt.iot-lab.info,9552
a8-138.rocquencourt.iot-lab.info,a763
a8-139.rocquencourt.iot-lab.info,a767
a8-140.rocquencourt.iot-lab.info,a553
a8-141.rocquencourt.iot-lab.info,9057
a8-142.rocquencourt.iot-lab.info,9465
a8-143.rocquencourt.iot-lab.info,9666
a8-144.rocquencourt.iot-lab.info,a253
a8-145.rocquencourt.iot-lab.info,a265
a8-146.rocquencourt.iot-lab.info,b067
a8-147.rocquencourt.iot-lab.info,9254
a8-149.rocquencourt.iot-lab.info,b264
a8-150.rocquencourt.iot-lab.info,b167
a8-151.rocquencourt.iot-lab.info,a165
a8-152.rocquencourt.iot-lab.info,a853
a8-153.rocquencourt.iot-lab.info,b666
a8-154.rocquencourt.iot-lab.info,a263
a8-155.rocquencourt.iot-lab.info,a363
a8-156.rocquencourt.iot-lab.info,a667
a8-157.rocquencourt.iot-lab.info,9863
a8-158.rocquencourt.iot-lab.info,b253
a8-159.rocquencourt.iot-lab.info,a066
a8-160.rocquencourt.iot-lab.info,b353
a8-161.rocquencourt.iot-lab.info,a852
a8-162.rocquencourt.iot-lab.info,b152
a8-163.rocquencourt.iot-lab.info,a554
a8-164.rocquencourt.iot-lab.info,9765
a8-165.rocquencourt.iot-lab.info,9854
a8-166.rocquencourt.iot-lab.info,9358
a8-167.rocquencourt.iot-lab.info,b352
a8-168.rocquencourt.iot-lab.info,8665
a8-169.rocquencourt.iot-lab.info,a152
a8-170.rocquencourt.iot-lab.info,b866
a8-171.rocquencourt.iot-lab.info,b858
a8-172.rocquencourt.iot-lab.info,b554
a8-173.rocquencourt.iot-lab.info,8865
a8-174.rocquencourt.iot-lab.info,9553
a8-175.rocquencourt.iot-lab.info,9058
m3-1.rocquencourt.iot-lab.info,1160
m3-2.rocquencourt.iot-lab.info,4061
m3-3.rocquencourt.iot-lab.info,2453
m3-4.rocquencourt.iot-lab.info,2061
m3-5.rocquencourt.iot-lab.info,c374
m3-6.rocquencourt.iot-lab.info,2460
m3-7.rocquencourt.iot-lab.info,1360
m3-8.rocquencourt.iot-lab.info,3560
m3-9.rocquencourt.iot-lab.info,2760
m3-10.rocquencourt.iot-lab.info,c471
m3-11.rocquencourt.iot-lab.info,2353
m3-13.rocquencourt.iot-lab.info,2661
m3-14.rocquencourt.iot-lab.info,2053
a8-1.strasbourg.iot-lab.info,9355
a8-2.strasbourg.iot-lab.info,9455
a8-3.strasbourg.iot-lab.info,a456
a8-4.strasbourg.iot-lab.info,b857
a8-5.strasbourg.iot-lab.info,9255
a8-6.strasbourg.iot-lab.info,a155
a8-7.strasbourg.iot-lab.info,a956
a8-8.strasbourg.iot-lab.info,a856
a8-9.strasbourg.iot-lab.info,b556
a8-10.strasbourg.iot-lab.info,a656
a8-11.strasbourg.iot-lab.info,a256
a8-12.strasbourg.iot-lab.info,9155
a8-13.strasbourg.iot-lab.info,9555
a8-14.strasbourg.iot-lab.info,9656
m3-1.strasbourg.iot-lab.info,a484
m3-2.strasbourg.iot-lab.info,a685
m3-4.strasbourg.iot-lab.info,9388
m3-5.strasbourg.iot-lab.info,9889
m3-7.strasbourg.iot-lab.info,b184
m3-12.strasbourg.iot-lab.info,9588
m3-13.strasbourg.iot-lab.info,b384
m3-14.strasbourg.iot-lab.info,b187
m3-16.strasbourg.iot-lab.info,9385
m3-17.strasbourg.iot-lab.info,b585
m3-18.strasbourg.iot-lab.info,a587
m3-24.strasbourg.iot-lab.info,9084
m3-25.strasbourg.iot-lab.info,a187
m3-26.strasbourg.iot-lab.info,b685
m3-27.strasbourg.iot-lab.info,a185
m3-29.strasbourg.iot-lab.info,a284
m3-36.strasbourg.iot-lab.info,9184
m3-37.strasbourg.iot-lab.info,a386
m3-38.strasbourg.iot-lab.info,9589
m3-39.strasbourg.iot-lab.info,a184
m3-40.strasbourg.iot-lab.info,b587
m3-43.strasbourg.iot-lab.info,9285
m3-44.strasbourg.iot-lab.info,9990
m3-45.strasbourg.iot-lab.info,b385
m3-46.strasbourg.iot-lab.info,9985
m3-48.strasbourg.iot-lab.info,9789
m3-49.strasbourg.iot-lab.info,a186
m3-50.strasbourg.iot-lab.info,b586
m3-51.strasbourg.iot-lab.info,a585
m3-57.strasbourg.iot-lab.info,9986
m3-58.strasbourg.iot-lab.info,a788
m3-59.strasbourg.iot-lab.info,9586
m3-61.strasbourg.iot-lab.info,a988
m3-62.strasbourg.iot-lab.info,b386
m3-63.strasbourg.iot-lab.info,9887
m3-64.strasbourg.iot-lab.info,9687
