wsn430-225.euratech.iot-lab.info,None
wsn430-241.euratech.iot-lab.info,None
wsn430-242.euratech.iot-lab.info,None
wsn430-243.euratech.iot-lab.info,None
wsn430-244.euratech.iot-lab.info,None
wsn430-245.euratech.iot-lab.info,None
wsn430-246.euratech.iot-lab.info,None
wsn430-247.euratech.iot-lab.info,None
wsn430-248.euratech.iot-lab.info,None
wsn430-249.euratech.iot-lab.info,None
wsn430-250.euratech.iot-lab.info,None
wsn430-251.euratech.iot-lab.info,None
wsn430-252.euratech.iot-lab.info,None
wsn430-253.euratech.iot-lab.info,None
wsn430-254.euratech.iot-lab.info,None
wsn430-255.euratech.iot-lab.info,None
wsn430-256.euratech.iot-lab.info,None
wsn430-9.grenoble.iot-lab.info,None
wsn430-103.grenoble.iot-lab.info,None
wsn430-104.grenoble.iot-lab.info,None
wsn430-105.grenoble.iot-lab.info,None
wsn430-106.grenoble.iot-lab.info,None
wsn430-107.grenoble.iot-lab.info,None
wsn430-108.grenoble.iot-lab.info,None
wsn430-109.grenoble.iot-lab.info,None
wsn430-110.grenoble.iot-lab.info,None
wsn430-111.grenoble.iot-lab.info,None
wsn430-112.grenoble.iot-lab.info,None
wsn430-113.grenoble.iot-lab.info,None
wsn430-114.grenoble.iot-lab.info,None
wsn430-115.grenoble.iot-lab.info,None
wsn430-116.grenoble.iot-lab.info,None
wsn430-117.grenoble.iot-lab.info,None
wsn430-118.grenoble.iot-lab.info,None
wsn430-119.grenoble.iot-lab.info,None
wsn430-120.grenoble.iot-lab.info,None
wsn430-121.grenoble.iot-lab.info,None
wsn430-122.grenoble.iot-lab.info,None
wsn430-123.grenoble.iot-lab.info,None
wsn430-124.grenoble.iot-lab.info,None
wsn430-125.grenoble.iot-lab.info,None
wsn430-256.grenoble.iot-lab.info,None
wsn430-33.rennes.iot-lab.info,None
wsn430-48.rennes.iot-lab.info,None
wsn430-79.rennes.iot-lab.info,None
wsn430-84.rennes.iot-lab.info,None
wsn430-98.rennes.iot-lab.info,None
wsn430-99.rennes.iot-lab.info,None
wsn430-100.rennes.iot-lab.info,None
wsn430-103.rennes.iot-lab.info,None
wsn430-105.rennes.iot-lab.info,None
wsn430-108.rennes.iot-lab.info,None
wsn430-124.rennes.iot-lab.info,None
wsn430-130.rennes.iot-lab.info,None
wsn430-137.rennes.iot-lab.info,None
wsn430-199.rennes.iot-lab.info,None
wsn430-206.rennes.iot-lab.info,None
wsn430-244.strasbourg.iot-lab.info,None
wsn430-245.strasbourg.iot-lab.info,None
wsn430-246.strasbourg.iot-lab.info,None
wsn430-247.strasbourg.iot-lab.info,None
wsn430-248.strasbourg.iot-lab.info,None
wsn430-249.strasbourg.iot-lab.info,None
wsn430-250.strasbourg.iot-lab.info,None
wsn430-251.strasbourg.iot-lab.info,None
wsn430-252.strasbourg.iot-lab.info,None
wsn430-253.strasbourg.iot-lab.info,None
wsn430-254.strasbourg.iot-lab.info,None
wsn430-255.strasbourg.iot-lab.info,None
wsn430-256.strasbourg.iot-lab.info,None
