wsn430-5.euratech.iot-lab.info,b6bc
wsn430-45.euratech.iot-lab.info,ce61
wsn430-70.euratech.iot-lab.info,unknown
wsn430-74.euratech.iot-lab.info,bbea
wsn430-84.euratech.iot-lab.info,ca25
wsn430-97.euratech.iot-lab.info,c0ab
wsn430-102.euratech.iot-lab.info,bde6
wsn430-107.euratech.iot-lab.info,cae0
wsn430-112.euratech.iot-lab.info,bdf3
wsn430-115.euratech.iot-lab.info,c735
wsn430-117.euratech.iot-lab.info,c4d2
wsn430-122.euratech.iot-lab.info,c834
wsn430-127.euratech.iot-lab.info,c6f5
wsn430-132.euratech.iot-lab.info,c20a
wsn430-137.euratech.iot-lab.info,c2d0
wsn430-142.euratech.iot-lab.info,1bfc
wsn430-147.euratech.iot-lab.info,bcd3
wsn430-152.euratech.iot-lab.info,b2b8
wsn430-157.euratech.iot-lab.info,c22f
wsn430-162.euratech.iot-lab.info,c167
wsn430-167.euratech.iot-lab.info,c703
wsn430-172.euratech.iot-lab.info,b320
wsn430-177.euratech.iot-lab.info,c540
wsn430-182.euratech.iot-lab.info,bed4
wsn430-187.euratech.iot-lab.info,c370
wsn430-196.euratech.iot-lab.info,bdd1
wsn430-208.euratech.iot-lab.info,c33a
wsn430-225.euratech.iot-lab.info,unknown
wsn430-226.euratech.iot-lab.info,unknown
wsn430-227.euratech.iot-lab.info,unknown
wsn430-228.euratech.iot-lab.info,unknown
wsn430-229.euratech.iot-lab.info,unknown
wsn430-230.euratech.iot-lab.info,unknown
wsn430-231.euratech.iot-lab.info,unknown
wsn430-232.euratech.iot-lab.info,unknown
wsn430-233.euratech.iot-lab.info,unknown
wsn430-234.euratech.iot-lab.info,unknown
wsn430-235.euratech.iot-lab.info,unknown
wsn430-236.euratech.iot-lab.info,unknown
wsn430-237.euratech.iot-lab.info,unknown
wsn430-238.euratech.iot-lab.info,unknown
wsn430-239.euratech.iot-lab.info,unknown
wsn430-240.euratech.iot-lab.info,unknown
wsn430-241.euratech.iot-lab.info,unknown
wsn430-242.euratech.iot-lab.info,unknown
wsn430-243.euratech.iot-lab.info,unknown
wsn430-244.euratech.iot-lab.info,unknown
wsn430-245.euratech.iot-lab.info,unknown
wsn430-246.euratech.iot-lab.info,unknown
wsn430-247.euratech.iot-lab.info,unknown
wsn430-248.euratech.iot-lab.info,unknown
wsn430-249.euratech.iot-lab.info,unknown
wsn430-250.euratech.iot-lab.info,unknown
wsn430-251.euratech.iot-lab.info,unknown
wsn430-252.euratech.iot-lab.info,unknown
wsn430-253.euratech.iot-lab.info,unknown
wsn430-254.euratech.iot-lab.info,unknown
wsn430-255.euratech.iot-lab.info,unknown
wsn430-256.euratech.iot-lab.info,unknown
a8-27.grenoble.iot-lab.info,05df
a8-110.grenoble.iot-lab.info,05df
a8-140.grenoble.iot-lab.info,05df
a8-223.grenoble.iot-lab.info,05df
m3-65.grenoble.iot-lab.info,8778
m3-73.grenoble.iot-lab.info,8771
m3-82.grenoble.iot-lab.info,8767
m3-91.grenoble.iot-lab.info,1662
m3-113.grenoble.iot-lab.info,a671
m3-133.grenoble.iot-lab.info,2360
m3-138.grenoble.iot-lab.info,b169
m3-140.grenoble.iot-lab.info,b483
m3-148.grenoble.iot-lab.info,9976
m3-150.grenoble.iot-lab.info,b676
m3-179.grenoble.iot-lab.info,a776
m3-191.grenoble.iot-lab.info,8872
m3-291.grenoble.iot-lab.info,9975
m3-342.grenoble.iot-lab.info,b079
m3-351.grenoble.iot-lab.info,9781
m3-362.grenoble.iot-lab.info,a976
m3-381.grenoble.iot-lab.info,05df
wsn430-9.grenoble.iot-lab.info,c7e6
wsn430-16.grenoble.iot-lab.info,b6d8
wsn430-88.grenoble.iot-lab.info,b65d
wsn430-103.grenoble.iot-lab.info,beb6
wsn430-104.grenoble.iot-lab.info,b4de
wsn430-105.grenoble.iot-lab.info,c79d
wsn430-106.grenoble.iot-lab.info,c16a
wsn430-107.grenoble.iot-lab.info,b323
wsn430-108.grenoble.iot-lab.info,b396
wsn430-109.grenoble.iot-lab.info,b4c1
wsn430-110.grenoble.iot-lab.info,bea9
wsn430-111.grenoble.iot-lab.info,ba73
wsn430-112.grenoble.iot-lab.info,b092
wsn430-113.grenoble.iot-lab.info,b2bc
wsn430-114.grenoble.iot-lab.info,ba62
wsn430-115.grenoble.iot-lab.info,b34b
wsn430-116.grenoble.iot-lab.info,b974
wsn430-117.grenoble.iot-lab.info,b230
wsn430-118.grenoble.iot-lab.info,c319
wsn430-119.grenoble.iot-lab.info,cbe5
wsn430-120.grenoble.iot-lab.info,c639
wsn430-121.grenoble.iot-lab.info,bfca
wsn430-122.grenoble.iot-lab.info,c5fb
wsn430-123.grenoble.iot-lab.info,c552
wsn430-124.grenoble.iot-lab.info,b413
wsn430-125.grenoble.iot-lab.info,unknown
wsn430-164.grenoble.iot-lab.info,unknown
wsn430-165.grenoble.iot-lab.info,c4cf
wsn430-170.grenoble.iot-lab.info,b978
wsn430-209.grenoble.iot-lab.info,b9a2
wsn430-251.grenoble.iot-lab.info,be2e
wsn430-255.grenoble.iot-lab.info,unknown
wsn430-256.grenoble.iot-lab.info,b806
wsn430-4.rennes.iot-lab.info,unknown
wsn430-6.rennes.iot-lab.info,unknown
wsn430-23.rennes.iot-lab.info,1c15
wsn430-26.rennes.iot-lab.info,b502
wsn430-30.rennes.iot-lab.info,c3a8
wsn430-33.rennes.iot-lab.info,unknown
wsn430-36.rennes.iot-lab.info,bd97
wsn430-37.rennes.iot-lab.info,bafb
wsn430-46.rennes.iot-lab.info,b1a3
wsn430-47.rennes.iot-lab.info,unknown
wsn430-48.rennes.iot-lab.info,unknown
wsn430-49.rennes.iot-lab.info,1f52
wsn430-50.rennes.iot-lab.info,cf06
wsn430-51.rennes.iot-lab.info,b1b6
wsn430-61.rennes.iot-lab.info,c118
wsn430-70.rennes.iot-lab.info,c05f
wsn430-71.rennes.iot-lab.info,b234
wsn430-72.rennes.iot-lab.info,unknown
wsn430-73.rennes.iot-lab.info,c345
wsn430-79.rennes.iot-lab.info,unknown
wsn430-82.rennes.iot-lab.info,b964
wsn430-84.rennes.iot-lab.info,unknown
wsn430-85.rennes.iot-lab.info,b228
wsn430-90.rennes.iot-lab.info,c9c5
wsn430-96.rennes.iot-lab.info,cb5a
wsn430-98.rennes.iot-lab.info,unknown
wsn430-99.rennes.iot-lab.info,unknown
wsn430-100.rennes.iot-lab.info,unknown
wsn430-103.rennes.iot-lab.info,unknown
wsn430-105.rennes.iot-lab.info,unknown
wsn430-107.rennes.iot-lab.info,unknown
wsn430-108.rennes.iot-lab.info,unknown
wsn430-113.rennes.iot-lab.info,b91d
wsn430-115.rennes.iot-lab.info,unknown
wsn430-117.rennes.iot-lab.info,unknown
wsn430-124.rennes.iot-lab.info,unknown
wsn430-126.rennes.iot-lab.info,c0b1
wsn430-127.rennes.iot-lab.info,b203
wsn430-130.rennes.iot-lab.info,unknown
wsn430-131.rennes.iot-lab.info,unknown
wsn430-132.rennes.iot-lab.info,unknown
wsn430-133.rennes.iot-lab.info,cb1c
wsn430-137.rennes.iot-lab.info,unknown
wsn430-138.rennes.iot-lab.info,b1f9
wsn430-140.rennes.iot-lab.info,ce4a
wsn430-146.rennes.iot-lab.info,unknown
wsn430-151.rennes.iot-lab.info,b5db
wsn430-156.rennes.iot-lab.info,c031
wsn430-164.rennes.iot-lab.info,b67b
wsn430-165.rennes.iot-lab.info,1f76
wsn430-176.rennes.iot-lab.info,b204
wsn430-178.rennes.iot-lab.info,c6ac
wsn430-182.rennes.iot-lab.info,bf52
wsn430-183.rennes.iot-lab.info,c059
wsn430-187.rennes.iot-lab.info,b077
wsn430-190.rennes.iot-lab.info,c25a
wsn430-192.rennes.iot-lab.info,b128
wsn430-199.rennes.iot-lab.info,unknown
wsn430-206.rennes.iot-lab.info,unknown
wsn430-208.rennes.iot-lab.info,unknown
wsn430-210.rennes.iot-lab.info,b08e
wsn430-221.rennes.iot-lab.info,b51f
wsn430-232.rennes.iot-lab.info,bf6f
wsn430-246.rennes.iot-lab.info,b95e
wsn430-248.rennes.iot-lab.info,b7e9
a8-1.rocquencourt.iot-lab.info,unknown
a8-6.rocquencourt.iot-lab.info,unknown
a8-10.rocquencourt.iot-lab.info,unknown
a8-39.rocquencourt.iot-lab.info,unknown
a8-44.rocquencourt.iot-lab.info,unknown
a8-48.rocquencourt.iot-lab.info,unknown
a8-49.rocquencourt.iot-lab.info,unknown
a8-67.rocquencourt.iot-lab.info,unknown
a8-91.rocquencourt.iot-lab.info,unknown
a8-116.rocquencourt.iot-lab.info,unknown
a8-121.rocquencourt.iot-lab.info,unknown
a8-130.rocquencourt.iot-lab.info,unknown
a8-148.rocquencourt.iot-lab.info,unknown
m3-12.rocquencourt.iot-lab.info,unknown
m3-15.rocquencourt.iot-lab.info,unknown
wsn430-35.strasbourg.iot-lab.info,ba03
wsn430-241.strasbourg.iot-lab.info,unknown
wsn430-242.strasbourg.iot-lab.info,unknown
wsn430-243.strasbourg.iot-lab.info,unknown
wsn430-244.strasbourg.iot-lab.info,unknown
wsn430-245.strasbourg.iot-lab.info,unknown
wsn430-246.strasbourg.iot-lab.info,unknown
wsn430-247.strasbourg.iot-lab.info,unknown
wsn430-248.strasbourg.iot-lab.info,unknown
wsn430-249.strasbourg.iot-lab.info,unknown
wsn430-250.strasbourg.iot-lab.info,unknown
wsn430-251.strasbourg.iot-lab.info,unknown
wsn430-252.strasbourg.iot-lab.info,unknown
wsn430-253.strasbourg.iot-lab.info,unknown
wsn430-254.strasbourg.iot-lab.info,unknown
wsn430-255.strasbourg.iot-lab.info,unknown
wsn430-256.strasbourg.iot-lab.info,unknown
